<?xml version="1.0" encoding="UTF-8"?>
<con:soapui-project id="da33644d-33f0-41c8-9330-436e9ef2cf5d" activeEnvironment="Default" name="My First Project" resourceRoot="" soapui-version="5.4.0" xmlns:con="http://eviware.com/soapui/config"><con:settings/><con:interface xsi:type="con:WsdlInterface" id="e3e842a8-b23f-4b99-b2af-55b8a477e823" wsaVersion="NONE" name="ICalculator" type="wsdl" bindingName="{http://www.parasoft.com/wsdl/calculator/}ICalculator" soapVersion="1_1" anonymous="optional" definition="http://soaptest.parasoft.com/calculator.wsdl" xmlns:xsi="http://www.w3.org/2001/XMLSchema-instance"><con:settings/><con:definitionCache type="TEXT" rootPart="http://soaptest.parasoft.com/calculator.wsdl"><con:part><con:url>http://soaptest.parasoft.com/calculator.wsdl</con:url><con:content><![CDATA[<!--generated by GLUE Standard 4.1.2 on Fri Nov 21 13:50:48 PST 2003-->
<wsdl:definitions name="Calculator" targetNamespace="http://www.parasoft.com/wsdl/calculator/" xmlns:http="http://schemas.xmlsoap.org/wsdl/http/" xmlns:mime="http://schemas.xmlsoap.org/wsdl/mime/" xmlns:soap="http://schemas.xmlsoap.org/wsdl/soap/" xmlns:soap12="http://schemas.xmlsoap.org/wsdl/soap12/" xmlns:soapenc="http://schemas.xmlsoap.org/soap/encoding/" xmlns:tme="http://www.themindelectric.com/" xmlns:tns="http://www.parasoft.com/wsdl/calculator/" xmlns:wsdl="http://schemas.xmlsoap.org/wsdl/" xmlns:xsd="http://www.w3.org/2001/XMLSchema">
  <wsdl:types>
    <xsd:schema elementFormDefault="qualified" targetNamespace="http://www.parasoft.com/wsdl/calculator/">
      <xsd:element name="add">
        <xsd:complexType>
          <xsd:sequence>
            <xsd:element name="x" type="xsd:float"/>
            <xsd:element name="y" type="xsd:float"/>
          </xsd:sequence>
        </xsd:complexType>
      </xsd:element>
      <xsd:element name="addResponse">
        <xsd:complexType>
          <xsd:sequence>
            <xsd:element name="Result" type="xsd:float"/>
          </xsd:sequence>
        </xsd:complexType>
      </xsd:element>
      <xsd:element name="divide">
        <xsd:complexType>
          <xsd:sequence>
            <xsd:element name="numerator" type="xsd:float"/>
            <xsd:element name="denominator" type="xsd:float"/>
          </xsd:sequence>
        </xsd:complexType>
      </xsd:element>
      <xsd:element name="divideResponse">
        <xsd:complexType>
          <xsd:sequence>
            <xsd:element name="Result" type="xsd:float"/>
          </xsd:sequence>
        </xsd:complexType>
      </xsd:element>
      <xsd:element name="multiply">
        <xsd:complexType>
          <xsd:sequence>
            <xsd:element name="x" type="xsd:float"/>
            <xsd:element name="y" type="xsd:float"/>
          </xsd:sequence>
        </xsd:complexType>
      </xsd:element>
      <xsd:element name="multiplyResponse">
        <xsd:complexType>
          <xsd:sequence>
            <xsd:element name="Result" type="xsd:float"/>
          </xsd:sequence>
        </xsd:complexType>
      </xsd:element>
      <xsd:element name="subtract">
        <xsd:complexType>
          <xsd:sequence>
            <xsd:element name="x" type="xsd:float"/>
            <xsd:element name="y" type="xsd:float"/>
          </xsd:sequence>
        </xsd:complexType>
      </xsd:element>
      <xsd:element name="subtractResponse">
        <xsd:complexType>
          <xsd:sequence>
            <xsd:element name="Result" type="xsd:float"/>
          </xsd:sequence>
        </xsd:complexType>
      </xsd:element>
    </xsd:schema>
  </wsdl:types>
  <wsdl:message name="add0In">
    <wsdl:part element="tns:add" name="parameters"/>
  </wsdl:message>
  <wsdl:message name="add0Out">
    <wsdl:part element="tns:addResponse" name="parameters"/>
  </wsdl:message>
  <wsdl:message name="divide1In">
    <wsdl:part element="tns:divide" name="parameters"/>
  </wsdl:message>
  <wsdl:message name="divide1Out">
    <wsdl:part element="tns:divideResponse" name="parameters"/>
  </wsdl:message>
  <wsdl:message name="multiply2In">
    <wsdl:part element="tns:multiply" name="parameters"/>
  </wsdl:message>
  <wsdl:message name="multiply2Out">
    <wsdl:part element="tns:multiplyResponse" name="parameters"/>
  </wsdl:message>
  <wsdl:message name="subtract3In">
    <wsdl:part element="tns:subtract" name="parameters"/>
  </wsdl:message>
  <wsdl:message name="subtract3Out">
    <wsdl:part element="tns:subtractResponse" name="parameters"/>
  </wsdl:message>
  <wsdl:portType name="ICalculator">
    <wsdl:operation name="add" parameterOrder="x y">
      <wsdl:input message="tns:add0In" name="add0In"/>
      <wsdl:output message="tns:add0Out" name="add0Out"/>
    </wsdl:operation>
    <wsdl:operation name="divide" parameterOrder="numerator denominator">
      <wsdl:input message="tns:divide1In" name="divide1In"/>
      <wsdl:output message="tns:divide1Out" name="divide1Out"/>
    </wsdl:operation>
    <wsdl:operation name="multiply" parameterOrder="x y">
      <wsdl:input message="tns:multiply2In" name="multiply2In"/>
      <wsdl:output message="tns:multiply2Out" name="multiply2Out"/>
    </wsdl:operation>
    <wsdl:operation name="subtract" parameterOrder="x y">
      <wsdl:input message="tns:subtract3In" name="subtract3In"/>
      <wsdl:output message="tns:subtract3Out" name="subtract3Out"/>
    </wsdl:operation>
  </wsdl:portType>
  <wsdl:binding name="ICalculator" type="tns:ICalculator">
    <soap:binding style="document" transport="http://schemas.xmlsoap.org/soap/http"/>
    <wsdl:operation name="add">
      <soap:operation soapAction="add" style="document"/>
      <wsdl:input name="add0In">
        <soap:body use="literal"/>
      </wsdl:input>
      <wsdl:output name="add0Out">
        <soap:body use="literal"/>
      </wsdl:output>
    </wsdl:operation>
    <wsdl:operation name="divide">
      <soap:operation soapAction="divide" style="document"/>
      <wsdl:input name="divide1In">
        <soap:body use="literal"/>
      </wsdl:input>
      <wsdl:output name="divide1Out">
        <soap:body use="literal"/>
      </wsdl:output>
    </wsdl:operation>
    <wsdl:operation name="multiply">
      <soap:operation soapAction="multiply" style="document"/>
      <wsdl:input name="multiply2In">
        <soap:body use="literal"/>
      </wsdl:input>
      <wsdl:output name="multiply2Out">
        <soap:body use="literal"/>
      </wsdl:output>
    </wsdl:operation>
    <wsdl:operation name="subtract">
      <soap:operation soapAction="subtract" style="document"/>
      <wsdl:input name="subtract3In">
        <soap:body use="literal"/>
      </wsdl:input>
      <wsdl:output name="subtract3Out">
        <soap:body use="literal"/>
      </wsdl:output>
    </wsdl:operation>
  </wsdl:binding>
  <wsdl:service name="Calculator">
    <wsdl:documentation>instance of class webtool.soap.examples.calculator.Calculator</wsdl:documentation>
    <wsdl:port binding="tns:ICalculator" name="ICalculator">
      <soap:address location="http://ws1.parasoft.com/glue/calculator"/>
    </wsdl:port>
  </wsdl:service>
</wsdl:definitions>]]></con:content><con:type>http://schemas.xmlsoap.org/wsdl/</con:type></con:part></con:definitionCache><con:endpoints><con:endpoint>http://ws1.parasoft.com/glue/calculator</con:endpoint></con:endpoints><con:operation id="e48bcbd4-294e-4656-9635-136841447c27" isOneWay="false" action="add" name="add" bindingOperationName="add" type="Request-Response" outputName="add0Out" inputName="add0In" receivesAttachments="false" sendsAttachments="false" anonymous="optional"><con:settings/><con:call id="231dc66c-815f-4365-9911-d73e19825f41" name="Request 1"><con:settings/><con:encoding>UTF-8</con:encoding><con:endpoint>http://ws1.parasoft.com/glue/calculator</con:endpoint><con:request><![CDATA[<soapenv:Envelope xmlns:soapenv="http://schemas.xmlsoap.org/soap/envelope/" xmlns:cal="http://www.parasoft.com/wsdl/calculator/">\r
   <soapenv:Header/>\r
   <soapenv:Body>\r
      <cal:add>\r
         <cal:x>?</cal:x>\r
         <cal:y>?</cal:y>\r
      </cal:add>\r
   </soapenv:Body>\r
</soapenv:Envelope>]]></con:request><con:wsaConfig mustUnderstand="NONE" version="200508" action="add"/></con:call></con:operation><con:operation id="b0d3d259-f5b6-4525-8ddf-9d770c0a50db" isOneWay="false" action="divide" name="divide" bindingOperationName="divide" type="Request-Response" outputName="divide1Out" inputName="divide1In" receivesAttachments="false" sendsAttachments="false" anonymous="optional"><con:settings/><con:call id="7e7fb048-8fcb-41d8-a161-255250d4cb18" name="Request 1"><con:settings/><con:encoding>UTF-8</con:encoding><con:endpoint>http://ws1.parasoft.com/glue/calculator</con:endpoint><con:request><![CDATA[<soapenv:Envelope xmlns:soapenv="http://schemas.xmlsoap.org/soap/envelope/" xmlns:cal="http://www.parasoft.com/wsdl/calculator/">\r
   <soapenv:Header/>\r
   <soapenv:Body>\r
      <cal:divide>\r
         <cal:numerator>?</cal:numerator>\r
         <cal:denominator>?</cal:denominator>\r
      </cal:divide>\r
   </soapenv:Body>\r
</soapenv:Envelope>]]></con:request><con:wsaConfig mustUnderstand="NONE" version="200508" action="divide"/></con:call></con:operation><con:operation id="b4ff7320-393b-4308-aca8-453858934583" isOneWay="false" action="multiply" name="multiply" bindingOperationName="multiply" type="Request-Response" outputName="multiply2Out" inputName="multiply2In" receivesAttachments="false" sendsAttachments="false" anonymous="optional"><con:settings/><con:call id="5d958b8d-3356-4441-81cb-a8880928da26" name="Request 1"><con:settings/><con:encoding>UTF-8</con:encoding><con:endpoint>http://ws1.parasoft.com/glue/calculator</con:endpoint><con:request><![CDATA[<soapenv:Envelope xmlns:soapenv="http://schemas.xmlsoap.org/soap/envelope/" xmlns:cal="http://www.parasoft.com/wsdl/calculator/">\r
   <soapenv:Header/>\r
   <soapenv:Body>\r
      <cal:multiply>\r
         <cal:x>?</cal:x>\r
         <cal:y>?</cal:y>\r
      </cal:multiply>\r
   </soapenv:Body>\r
</soapenv:Envelope>]]></con:request><con:wsaConfig mustUnderstand="NONE" version="200508" action="multiply"/></con:call></con:operation><con:operation id="d451f8ae-9256-49bd-9f4e-69487c7661ae" isOneWay="false" action="subtract" name="subtract" bindingOperationName="subtract" type="Request-Response" outputName="subtract3Out" inputName="subtract3In" receivesAttachments="false" sendsAttachments="false" anonymous="optional"><con:settings/><con:call id="94f2a313-7c67-4e26-b431-9634544c6dda" name="Request 1"><con:settings/><con:encoding>UTF-8</con:encoding><con:endpoint>http://ws1.parasoft.com/glue/calculator</con:endpoint><con:request><![CDATA[<soapenv:Envelope xmlns:soapenv="http://schemas.xmlsoap.org/soap/envelope/" xmlns:cal="http://www.parasoft.com/wsdl/calculator/">\r
   <soapenv:Header/>\r
   <soapenv:Body>\r
      <cal:subtract>\r
         <cal:x>?</cal:x>\r
         <cal:y>?</cal:y>\r
      </cal:subtract>\r
   </soapenv:Body>\r
</soapenv:Envelope>]]></con:request><con:wsaConfig mustUnderstand="NONE" version="200508" action="subtract"/></con:call></con:operation></con:interface><con:properties/><con:wssContainer/><con:oAuth2ProfileContainer/><con:oAuth1ProfileContainer/></con:soapui-project>